Timestamp,No,x,y,z
2025-09-03 16:49:52,92, -8456, 2732, 13992
2025-09-03 16:49:52,93, -8492, 4916, 14180
2025-09-03 16:49:52,94, -8864, 4040, 13680
2025-09-03 16:49:52,95, -10768, 1488, 12104
2025-09-03 16:49:53,96, -9596, 4932, 12872
2025-09-03 16:49:53,97, -7992, 6740, 16096
2025-09-03 16:49:53,98, -6496, 892, 16264
2025-09-03 16:49:53,99, -16776, -7844, 3676
2025-09-03 16:49:53,100, -6480, -3356, 10180
2025-09-03 16:49:53,101, 76, 30680, 10576
2025-09-03 16:49:53,102, 7420, 26816, 3928
2025-09-03 16:49:53,103, 11232, 17816, 664
2025-09-03 16:49:53,104, 6332, 3208, -3492
2025-09-03 16:49:53,105, -3216, -5212, -8260
2025-09-03 16:49:54,106, -3904, -4468, 5556
2025-09-03 16:49:54,107, -1952, 3820, 24040
2025-09-03 16:49:54,108, 3028, 8804, 30680
2025-09-03 16:49:54,109, 3400, 9436, 22024
2025-09-03 16:49:54,110, 3972, 10684, 19504
2025-09-03 16:49:54,111, 6616, 15424, 18112
2025-09-03 16:49:54,112, 7836, 21692, 12092
2025-09-03 16:49:54,113, 10868, 12484, 5744
2025-09-03 16:49:54,114, 2084, 10084, 24
2025-09-03 16:49:54,115, -4900, 4236, -3204
2025-09-03 16:49:55,116, -2756, -128, 3332
2025-09-03 16:49:55,117, 272, -796, 22084
2025-09-03 16:49:55,118, 3572, 1168, 32764
2025-09-03 16:49:55,119, 4616, 5184, 24696
2025-09-03 16:49:55,120, 3860, 11920, 19544
2025-09-03 16:49:55,121, 7608, 21688, 15244
2025-09-03 16:49:55,122, 14668, 17168, 9196
2025-09-03 16:49:55,123, 3772, 10768, 5352
2025-09-03 16:49:55,124, -1824, 5508, -3524
2025-09-03 16:49:56,125, -7652, 1996, -6448
2025-09-03 16:49:56,126, -1984, 940, 11972
2025-09-03 16:49:56,127, 2508, 768, 28560
2025-09-03 16:49:56,128, 7852, 8492, 32480
2025-09-03 16:49:56,129, 8048, 9488, 19764
2025-09-03 16:49:56,130, 8720, 15076, 16436
2025-09-03 16:49:56,131, 8656, 25084, 8496
2025-09-03 16:49:56,132, 9280, 13676, 6784
2025-09-03 16:49:56,133, -1096, 4088, 1044
2025-09-03 16:49:56,134, -4544, 5052, -3264
2025-09-03 16:49:57,135, -4768, 3388, 2232
2025-09-03 16:49:57,136, 2260, -4192, 21020
2025-09-03 16:49:57,137, 6736, 8656, 32764
2025-09-03 16:49:57,138, 9620, 14540, 27192
2025-09-03 16:49:57,139, 12156, 14092, 16124
2025-09-03 16:49:57,140, 9760, 28412, 5556
2025-09-03 16:49:57,141, 5992, 9496, 5116
2025-09-03 16:49:57,142, -1580, 5076, 348
2025-09-03 16:49:57,143, -7024, 2564, -1052
2025-09-03 16:49:57,144, -8916, 4132, 2772
2025-09-03 16:49:58,145, -7636, -1496, 12060
2025-09-03 16:49:58,146, -1608, 5912, 29740
2025-09-03 16:49:58,147, -12, 21736, 25944
2025-09-03 16:49:58,148, 316, 16684, 11976
2025-09-03 16:49:58,149, -76, 22216, 4892
2025-09-03 16:49:58,150, 7640, 21368, -832
2025-09-03 16:49:58,151, 6188, 11740, -4536
2025-09-03 16:49:58,152, -1064, 9888, -5880
2025-09-03 16:49:58,153, -3712, 9932, -4580
2025-09-03 16:49:58,154, -8964, 2280, -3748
2025-09-03 16:49:59,155, -14200, -4788, 1280
2025-09-03 16:49:59,156, -14324, 2616, 6268
2025-09-03 16:49:59,157, -8860, 8348, 12196
2025-09-03 16:49:59,158, -2236, 18296, 15136
2025-09-03 16:49:59,159, 3124, 22704, 14604
2025-09-03 16:49:59,160, 10200, 24808, 7232
2025-09-03 16:49:59,161, 11744, 24412, 3296
2025-09-03 16:49:59,162, 8336, 19340, 2444
2025-09-03 16:49:59,163, 1804, 5548, 2764
2025-09-03 16:49:59,164, -5876, 1980, -1724
2025-09-03 16:50:00,165, -14104, 464, -1808
2025-09-03 16:50:00,166, -15368, 188, -6272
2025-09-03 16:50:00,167, -14468, -3196, -3516
2025-09-03 16:50:00,168, -14732, 1944, 216
2025-09-03 16:50:00,169, -11768, 7164, 8708
2025-09-03 16:50:00,170, -2432, 24148, 13784
2025-09-03 16:50:00,171, 1944, 23472, 13680
2025-09-03 16:50:00,172, 5928, 28128, 7144
2025-09-03 16:50:00,173, 9124, 21816, 4312
2025-09-03 16:50:00,174, 5192, 8500, -2292
2025-09-03 16:50:01,175, 556, 5264, -3648
2025-09-03 16:50:01,176, -2576, 6564, -3920
2025-09-03 16:50:01,177, -4096, 3956, 4704
2025-09-03 16:50:01,178, -420, 9652, 23676
2025-09-03 16:50:01,179, 3752, 17176, 21232
2025-09-03 16:50:01,180, 5888, 31000, 13328
2025-09-03 16:50:01,181, 13820, 22212, 3336
2025-09-03 16:50:01,182, 8584, 13276, -4448
2025-09-03 16:50:01,183, 6960, 19292, -11040
2025-09-03 16:50:01,184, 5600, 17132, -6884
2025-09-03 16:50:02,185, 5520, 5988, -2356
2025-09-03 16:50:02,186, -1996, -6712, -3432
2025-09-03 16:50:02,187, 1892, -4968, 9128
2025-09-03 16:50:02,188, 80, 16872, 27112
2025-09-03 16:50:02,189, 7428, 17504, 21948
2025-09-03 16:50:02,190, 11840, 23948, 15196
2025-09-03 16:50:02,191, 16264, 21564, 8588
2025-09-03 16:50:02,192, 12648, 17612, 5864
2025-09-03 16:50:02,193, 6068, 17740, 1992
2025-09-03 16:50:02,194, -128, 9380, -1144
2025-09-03 16:50:03,195, -1044, 5164, -1312
2025-09-03 16:50:03,196, 1376, 13216, 384
2025-09-03 16:50:03,197, 3228, 2628, 13148
2025-09-03 16:50:03,198, 7276, 11404, 20816
2025-09-03 16:50:03,199, 18964, 13188, 21584
2025-09-03 16:50:03,200, 17924, 20572, 11844
2025-09-03 16:50:03,201, 13252, 15920, 2772
2025-09-03 16:50:03,202, 15616, 10036, 3652
2025-09-03 16:50:03,203, 15660, 3544, 532
2025-09-03 16:50:03,204, 16632, 11592, 9880
2025-09-03 16:50:04,205, 13764, 16088, 11576
2025-09-03 16:50:04,206, 12928, 9824, -3028
2025-09-03 16:50:04,207, 9700, 10640, 564
2025-09-03 16:50:04,208, 6244, 10544, 14336
2025-09-03 16:50:04,209, 16264, 17196, 5932
2025-09-03 16:50:04,210, 26612, 13692, -8160
2025-09-03 16:50:04,211, 19168, 14676, -3364
2025-09-03 16:50:04,212, 9596, 16904, 1312
2025-09-03 16:50:04,213, 4204, 7964, -6696
2025-09-03 16:50:05,214, 4240, 2008, -124
2025-09-03 16:50:05,215, 3448, 3772, 14004
2025-09-03 16:50:05,216, 6304, 14228, 19152
2025-09-03 16:50:05,217, 14080, 16548, 17736
2025-09-03 16:50:05,218, 12512, 15736, 12268
2025-09-03 16:50:05,219, 10616, 17412, 13672
2025-09-03 16:50:05,220, 13576, 23868, 18024
2025-09-03 16:50:05,221, 10956, 17096, 5988
2025-09-03 16:50:05,222, 6304, 10912, -6340
2025-09-03 16:50:05,223, 1436, 3884, -14112
2025-09-03 16:50:06,224, 2500, -2892, 428
2025-09-03 16:50:06,225, -1680, 3452, 15620
2025-09-03 16:50:06,226, -2832, 8616, 14556
2025-09-03 16:50:06,227, 2876, 11852, 21548
2025-09-03 16:50:06,228, 10064, 18108, 20636
2025-09-03 16:50:06,229, 14980, 16964, 14788
2025-09-03 16:50:06,230, 11460, 24720, 8100
2025-09-03 16:50:06,231, 11920, 24744, 8172
2025-09-03 16:50:06,232, 11476, 12560, 5232
2025-09-03 16:50:06,233, 2588, 7724, -4088
2025-09-03 16:50:07,234, -2156, -656, -9548
2025-09-03 16:50:07,235, -568, 2616, -72
2025-09-03 16:50:07,236, -652, 6148, 18816
2025-09-03 16:50:07,237, -120, 7664, 24208
2025-09-03 16:50:07,238, 1744, 17932, 29180
2025-09-03 16:50:07,239, 6364, 18384, 18100
2025-09-03 16:50:07,240, 5392, 19052, 10136
2025-09-03 16:50:07,241, 2228, 23480, 5116
2025-09-03 16:50:07,242, -2468, 15260, 3324
2025-09-03 16:50:07,243, 500, 12448, -1016
2025-09-03 16:50:08,244, 2860, 9440, -5860
2025-09-03 16:50:08,245, 4488, 6016, 2736
2025-09-03 16:50:08,246, -4864, 1964, 17024
2025-09-03 16:50:08,247, -4864, 9100, 21444
2025-09-03 16:50:08,248, 1228, 15780, 28988
2025-09-03 16:50:08,249, 12956, 14116, 18684
2025-09-03 16:50:08,250, 14096, 30824, 6712
2025-09-03 16:50:08,251, 8232, 22044, 952
2025-09-03 16:50:08,252, 8748, 18612, 5564
2025-09-03 16:50:08,253, 3052, 6712, -1488
2025-09-03 16:50:09,254, -4712, -3996, -8284
2025-09-03 16:50:09,255, -5432, -5612, -3752
2025-09-03 16:50:09,256, -3256, 240, 10992
2025-09-03 16:50:09,257, -3464, 6680, 30584
2025-09-03 16:50:09,258, 1652, 11104, 31120
2025-09-03 16:50:09,259, 4696, 21260, 21956
2025-09-03 16:50:09,260, 5444, 19464, 13136
2025-09-03 16:50:09,261, 6688, 23540, 7176
2025-09-03 16:50:09,262, 3912, 9644, 5008
2025-09-03 16:50:09,263, -1772, 3260, -3012
2025-09-03 16:50:10,264, -6304, -4256, -10280
2025-09-03 16:50:10,265, -3440, 3544, 4968
2025-09-03 16:50:10,266, -5884, 5924, 20440
2025-09-03 16:50:10,267, -2136, 6084, 31048
2025-09-03 16:50:10,268, 1448, 16828, 32416
2025-09-03 16:50:10,269, 6672, 20396, 19740
2025-09-03 16:50:10,270, 200, 17124, 14588
2025-09-03 16:50:10,271, 1348, 12016, 10224
2025-09-03 16:50:10,272, -1036, 5512, -248
2025-09-03 16:50:10,273, -5344, 1528, -4312
2025-09-03 16:50:11,274, -8020, 1264, -2556
2025-09-03 16:50:11,275, -4720, 812, 11356
2025-09-03 16:50:11,276, -1744, 12244, 24860
2025-09-03 16:50:11,277, 3056, 22916, 25256
2025-09-03 16:50:11,278, 4212, 21364, 17608
2025-09-03 16:50:11,279, 6488, 21252, 10792
2025-09-03 16:50:11,280, 4308, 19388, 5520
2025-09-03 16:50:11,281, 3016, 13360, 6536
2025-09-03 16:50:11,282, -196, 11916, 916
2025-09-03 16:50:12,283, -5484, 2780, -3480
2025-09-03 16:50:12,284, -8684, -3772, -3432
2025-09-03 16:50:12,285, -5876, -1548, 10012
2025-09-03 16:50:12,286, -4676, 8072, 23980
2025-09-03 16:50:12,287, -840, 14860, 25884
2025-09-03 16:50:12,288, 3004, 15568, 21660
2025-09-03 16:50:12,289, 6608, 18472, 15472
2025-09-03 16:50:12,290, 4916, 20792, 9376
2025-09-03 16:50:12,291, 4240, 20368, 4428
2025-09-03 16:50:12,292, 1332, 12240, 5212
2025-09-03 16:50:13,293, -3628, 4760, -4120
2025-09-03 16:50:13,294, -8088, 2788, -8180
2025-09-03 16:50:13,295, -5604, -524, -3680
2025-09-03 16:50:13,296, 1040, 2148, 18244
2025-09-03 16:50:13,297, 436, 17184, 30464
2025-09-03 16:50:13,298, 3068, 16148, 19736
2025-09-03 16:50:13,299, 2472, 18816, 16820
2025-09-03 16:50:13,300, 3216, 21148, 14572
2025-09-03 16:50:13,301, 3072, 17764, 12912
2025-09-03 16:50:13,302, 1184, 13508, 7160
2025-09-03 16:50:14,303, -3288, 4712, -124
2025-09-03 16:50:14,304, -5760, 1348, -5376
2025-09-03 16:50:14,305, -8672, 1676, -6392
2025-09-03 16:50:14,306, -4116, 936, 6548
2025-09-03 16:50:14,307, -1080, 2944, 30268
2025-09-03 16:50:14,308, -764, 13428, 28960
2025-09-03 16:50:14,309, 2348, 14828, 21348
2025-09-03 16:50:14,310, 5128, 15604, 15708
2025-09-03 16:50:14,311, 6424, 22696, 12172
2025-09-03 16:50:14,312, 3140, 17124, 9460
2025-09-03 16:50:15,313, -616, 9796, 5564
2025-09-03 16:50:15,314, -5100, 5828, 1100
2025-09-03 16:50:15,315, -8556, 2808, -1892
2025-09-03 16:50:15,316, -11128, -5816, -4252
2025-09-03 16:50:15,317, -6292, -4528, 5728
2025-09-03 16:50:15,318, -6220, 8796, 25616
2025-09-03 16:50:15,319, -556, 14288, 23820
2025-09-03 16:50:15,320, 3776, 19712, 17768
2025-09-03 16:50:15,321, 4948, 21668, 13168
2025-09-03 16:50:15,322, 3936, 19680, 10768
2025-09-03 16:50:16,323, 3040, 13340, 10164
2025-09-03 16:50:16,324, -1844, 7920, 4276
2025-09-03 16:50:16,325, -5160, 5132, -2192
2025-09-03 16:50:16,326, -7740, 2040, -3476
2025-09-03 16:50:16,327, -6620, 6324, 9940
2025-09-03 16:50:16,328, -9700, 11544, 24296
2025-09-03 16:50:16,329, -8556, 11232, 19732
2025-09-03 16:50:16,330, -5352, 10904, 18488
2025-09-03 16:50:16,331, -1360, 12612, 16312
2025-09-03 16:50:16,332, 440, 26340, 17732
2025-09-03 16:50:17,333, 2588, 17404, 8228
2025-09-03 16:50:17,334, -156, 4852, 300
2025-09-03 16:50:17,335, -5496, 4936, -5328
2025-09-03 16:50:17,336, -7288, 5668, -4968
2025-09-03 16:50:17,337, -6916, 476, 7988
2025-09-03 16:50:17,338, -8068, 6472, 20792
2025-09-03 16:50:17,339, -6496, 12580, 21220
2025-09-03 16:50:17,340, -3496, 11252, 17416
2025-09-03 16:50:17,341, -1624, 12280, 15800
2025-09-03 16:50:17,342, 392, 13000, 15752
2025-09-03 16:50:18,343, 3684, 15200, 13168
2025-09-03 16:50:18,344, 4792, 19492, 9388
2025-09-03 16:50:18,345, 6180, 16104, 6256
2025-09-03 16:50:18,346, 7536, 15996, 5008
2025-09-03 16:50:18,347, 6232, 15300, 1992
2025-09-03 16:50:18,348, 2860, 11668, -740
2025-09-03 16:50:18,349, -1768, 8096, -2392
2025-09-03 16:50:18,350, -3464, 3208, 2136
2025-09-03 16:50:18,351, -2396, 10868, 12432
2025-09-03 16:50:18,352, -5264, 8348, 13968
2025-09-03 16:50:19,353, -5384, 8756, 19168
2025-09-03 16:50:19,354, -1536, 12932, 20316
2025-09-03 16:50:19,355, 2424, 14860, 16300
2025-09-03 16:50:19,356, 6076, 15256, 12464
2025-09-03 16:50:19,357, 7196, 18344, 13760
2025-09-03 16:50:19,358, 6280, 18408, 11856
2025-09-03 16:50:19,359, 4252, 16840, 10844
2025-09-03 16:50:19,360, 2888, 14516, 7676
2025-09-03 16:50:19,361, 1216, 10540, 1772
2025-09-03 16:50:20,362, -2176, 4612, -1264
2025-09-03 16:50:20,363, -4244, 3340, 1376
2025-09-03 16:50:20,364, -2936, 9900, 16320
2025-09-03 16:50:20,365, -5092, 13876, 19240
2025-09-03 16:50:20,366, -4464, 11008, 15016
2025-09-03 16:50:20,367, -404, 14396, 17716
2025-09-03 16:50:20,368, 2604, 15948, 17640
2025-09-03 16:50:20,369, 4020, 14028, 12184
2025-09-03 16:50:20,370, 4236, 17404, 11428
2025-09-03 16:50:20,371, 5124, 17352, 11764
2025-09-03 16:50:21,372, 5256, 17156, 10756
2025-09-03 16:50:21,373, 1532, 9568, 3324
2025-09-03 16:50:21,374, -4064, 9304, -256
2025-09-03 16:50:21,375, -6708, 5400, -2256
2025-09-03 16:50:21,376, -6568, 2648, 1724
2025-09-03 16:50:21,377, -2580, 3032, 19148
2025-09-03 16:50:21,378, -1252, 13016, 22384
2025-09-03 16:50:21,379, 200, 15972, 21220
2025-09-03 16:50:21,380, 1276, 13812, 17336
2025-09-03 16:50:21,381, 3664, 16156, 15796
2025-09-03 16:50:22,382, 5004, 18008, 17040
2025-09-03 16:50:22,383, 3476, 16556, 15864
2025-09-03 16:50:22,384, -96, 8576, 7172
2025-09-03 16:50:22,385, -5736, 5012, 2804
2025-09-03 16:50:22,386, -7880, 6316, -496
2025-09-03 16:50:22,387, -9256, 3588, -1576
2025-09-03 16:50:22,388, -6584, 2760, 6956
2025-09-03 16:50:22,389, -3520, 7052, 15936
2025-09-03 16:50:22,390, -1360, 14020, 22048
2025-09-03 16:50:22,391, -260, 13912, 18052
2025-09-03 16:50:23,392, -376, 9208, 13220
2025-09-03 16:50:23,393, 1852, 12020, 14408
2025-09-03 16:50:23,394, 8212, 16412, 15940
2025-09-03 16:50:23,395, 8864, 19260, 16236
2025-09-03 16:50:23,396, 8792, 17576, 9868
2025-09-03 16:50:23,397, 10228, 15900, 6692
2025-09-03 16:50:23,398, 6536, 12372, 4972
2025-09-03 16:50:23,399, 1124, 9276, 684
2025-09-03 16:50:23,400, -4588, 1760, -220
2025-09-03 16:50:23,401, -6016, -3376, 12212
2025-09-03 16:50:24,402, -11460, -1608, 16200
2025-09-03 16:50:24,403, -10892, -460, 18832
2025-09-03 16:50:24,404, -10052, 240, 21172
2025-09-03 16:50:24,405, -7496, 2160, 19800
2025-09-03 16:50:24,406, -5836, 8116, 18744
2025-09-03 16:50:24,407, -2760, 16296, 18832
2025-09-03 16:50:24,408, -5856, 6356, 16004
2025-09-03 16:50:24,409, -1004, 11352, 22364
2025-09-03 16:50:24,410, 2936, 13828, 18520
2025-09-03 16:50:24,411, 2948, 12448, 6892
2025-09-03 16:50:25,412, -1700, 5684, 3004
2025-09-03 16:50:25,413, -6612, 4016, -248
2025-09-03 16:50:25,414, -11372, 4128, -2796
2025-09-03 16:50:25,415, -13296, 2824, -1736
2025-09-03 16:50:25,416, -14680, -780, 8272
2025-09-03 16:50:25,417, -16128, 644, 13428
2025-09-03 16:50:25,418, -14740, 7076, 13484
2025-09-03 16:50:25,419, -12428, 10908, 10220
2025-09-03 16:50:25,420, -12984, 15960, 8496
2025-09-03 16:50:25,421, -4312, 22820, 17344
2025-09-03 16:50:26,422, -7348, 11100, 15028
2025-09-03 16:50:26,423, -8156, 13816, 6248
2025-09-03 16:50:26,424, -4824, 11780, 2404
2025-09-03 16:50:26,425, 4880, 15292, 240
2025-09-03 16:50:26,426, -3208, 2000, 2920
2025-09-03 16:50:26,427, -9368, -5736, 4096
2025-09-03 16:50:26,428, -15148, -7752, -1088
2025-09-03 16:50:26,429, -19472, -7948, 12
2025-09-03 16:50:26,430, -20524, -6200, 4272
2025-09-03 16:50:26,431, -21272, -4220, 7680
2025-09-03 16:50:27,432, -17328, 4684, 9616
2025-09-03 16:50:27,433, -9356, 14428, 15604
2025-09-03 16:50:27,434, -10216, 10912, 15696
2025-09-03 16:50:27,435, -11536, 11560, 9688
2025-09-03 16:50:27,436, -10876, 10796, 4000
2025-09-03 16:50:27,437, -7856, 6140, 5192
2025-09-03 16:50:27,438, -6424, 4188, 3392
2025-09-03 16:50:27,439, -6504, 8548, 3052
2025-09-03 16:50:27,440, -10472, 6444, -1436
2025-09-03 16:50:27,441, -15260, -1400, 912
2025-09-03 16:50:28,442, -20036, -8456, 1952
2025-09-03 16:50:28,443, -16456, 216, 4760
2025-09-03 16:50:28,444, -6524, 15944, 21676
2025-09-03 16:50:28,445, -2392, 21756, 24604
2025-09-03 16:50:28,446, 4912, 16812, 13044
2025-09-03 16:50:28,447, 4984, 16972, 11232
2025-09-03 16:50:28,448, 9396, 18300, 14232
2025-09-03 16:50:28,449, 6968, 11780, 4048
2025-09-03 16:50:28,450, -388, 860, -1640
2025-09-03 16:50:28,451, -7472, -1232, 104
2025-09-03 16:50:29,452, -9356, -7244, 7172
2025-09-03 16:50:29,453, -11652, -13260, 14752
2025-09-03 16:50:29,454, -11772, -8140, 21000
2025-09-03 16:50:29,455, -2428, 8292, 26500
2025-09-03 16:50:29,456, -4252, 24824, 23620
2025-09-03 16:50:29,457, 2464, 15204, 14612
2025-09-03 16:50:29,458, 3516, 17216, 11692
2025-09-03 16:50:29,459, 4128, 17800, 9144
2025-09-03 16:50:29,460, 3708, 15280, 8616
2025-09-03 16:50:30,461, 2352, 7264, 3300
2025-09-03 16:50:30,462, -5804, -2064, -3692
2025-09-03 16:50:30,463, -7948, -4992, -5368
2025-09-03 16:50:30,464, -9768, -9908, 916
2025-09-03 16:50:30,465, -14468, -8180, 8568
2025-09-03 16:50:30,466, -16272, -11492, 13932
2025-09-03 16:50:30,467, -9100, -6552, 18912
2025-09-03 16:50:30,468, -4156, 12556, 24168
2025-09-03 16:50:30,469, -592, 21000, 17284
2025-09-03 16:50:30,470, 5592, 21372, 10876
2025-09-03 16:50:31,471, 5056, 19828, 7712
2025-09-03 16:50:31,472, 6216, 16900, 8328
2025-09-03 16:50:31,473, 5640, 10424, 3148
2025-09-03 16:50:31,474, -2424, 2164, -1384
2025-09-03 16:50:31,475, -8840, -1388, -3072
2025-09-03 16:50:31,476, -11868, -2864, 1884
2025-09-03 16:50:31,477, -14560, -448, 11412
2025-09-03 16:50:31,478, -12940, -692, 16784
2025-09-03 16:50:31,479, -7340, 4908, 18212
2025-09-03 16:50:31,480, 712, 15508, 22340
2025-09-03 16:50:32,481, 5144, 22384, 20740
2025-09-03 16:50:32,482, 8996, 20564, 14636
2025-09-03 16:50:32,483, 7512, 19740, 9804
2025-09-03 16:50:32,484, 6388, 16484, 7588
2025-09-03 16:50:32,485, 5092, 10928, 5900
2025-09-03 16:50:32,486, -3048, 1664, 796
2025-09-03 16:50:32,487, -7252, 80, -2984
2025-09-03 16:50:32,488, -8636, -404, 3536
2025-09-03 16:50:32,489, -10932, 2120, 12300
2025-09-03 16:50:32,490, -12136, 5792, 26088
2025-09-03 16:50:33,491, -4348, 13356, 26672
2025-09-03 16:50:33,492, 464, 18792, 15352
2025-09-03 16:50:33,493, -1056, 24868, 6692
2025-09-03 16:50:33,494, 3900, 21944, 2788
2025-09-03 16:50:33,495, 1784, 19452, 520
2025-09-03 16:50:33,496, 4028, 14704, -708
2025-09-03 16:50:33,497, 5812, 11612, -3460
2025-09-03 16:50:33,498, -1620, 5624, -3672
2025-09-03 16:50:33,499, -7156, 10344, -3516
2025-09-03 16:50:33,500, -10048, 11128, -472
2025-09-03 16:50:34,501, -11888, 10196, 32
2025-09-03 16:50:34,502, -13344, 9556, -1300
2025-09-03 16:50:34,503, -13332, 8348, 316
2025-09-03 16:50:34,504, -11676, 6148, 3636
2025-09-03 16:50:34,505, -10144, 7080, 7800
2025-09-03 16:50:34,506, -9336, 11556, 10840
2025-09-03 16:50:34,507, -7700, 12804, 11844
2025-09-03 16:50:34,508, -5900, 12328, 10624
2025-09-03 16:50:34,509, -4248, 12996, 8980
2025-09-03 16:50:34,510, -1264, 14484, 9616
2025-09-03 16:50:35,511, 1080, 14528, 10496
2025-09-03 16:50:35,512, 4808, 15128, 11704
2025-09-03 16:50:35,513, 7628, 16552, 10840
2025-09-03 16:50:35,514, 6728, 16516, 10732
2025-09-03 16:50:35,515, 6684, 17136, 12936
2025-09-03 16:50:35,516, 10320, 19748, 13368
2025-09-03 16:50:35,517, 9016, 17020, 6624
2025-09-03 16:50:35,518, 4500, 9036, 1276
2025-09-03 16:50:35,519, -3864, 3672, -448
2025-09-03 16:50:35,520, -10936, 1672, 2440
2025-09-03 16:50:36,521, -13268, 1372, 6592
2025-09-03 16:50:36,522, -13616, 1972, 10080
2025-09-03 16:50:36,523, -13792, 4388, 10672
2025-09-03 16:50:36,524, -13320, 5468, 8980
2025-09-03 16:50:36,525, -11264, 7132, 8308
2025-09-03 16:50:36,526, -7756, 10664, 10120
2025-09-03 16:50:36,527, -6244, 12912, 11640
2025-09-03 16:50:36,528, -5720, 12224, 10704
2025-09-03 16:50:36,529, -2996, 13304, 10404
2025-09-03 16:50:36,530, 1960, 15252, 11212
2025-09-03 16:50:37,531, 4568, 15564, 10924
2025-09-03 16:50:37,532, 7408, 16668, 10728
2025-09-03 16:50:37,533, 8132, 13972, 9512
2025-09-03 16:50:37,534, 9320, 14524, 10152
2025-09-03 16:50:37,535, 7116, 16956, 10592
2025-09-03 16:50:37,536, 4976, 15176, 7504
2025-09-03 16:50:37,537, 1140, 11220, 828
2025-09-03 16:50:37,538, -7532, 6644, -2928
2025-09-03 16:50:37,539, -11716, 5076, -1992
2025-09-03 16:50:37,540, -12140, 1500, 956
2025-09-03 16:50:38,541, -9636, -4944, 3540
2025-09-03 16:50:38,542, -3312, -9204, 6372
2025-09-03 16:50:38,543, 3572, -14448, 7076
2025-09-03 16:50:38,544, 8296, -15120, 6872
2025-09-03 16:50:38,545, 13244, -15840, 7936
2025-09-03 16:50:38,546, 14000, -14136, 10404
2025-09-03 16:50:38,547, 13164, -10496, 14596
2025-09-03 16:50:38,548, 9364, -13520, 11688
2025-09-03 16:50:38,549, 5600, -3148, 18556
2025-09-03 16:50:38,550, -5492, 4276, 12848
2025-09-03 16:50:39,551, -4720, 11980, 9684
2025-09-03 16:50:39,552, -3588, 13400, 7656
2025-09-03 16:50:39,553, 1220, 14836, 7648
2025-09-03 16:50:39,554, 3376, 21576, 3188
2025-09-03 16:50:39,555, 456, 21052, -1036
2025-09-03 16:50:39,556, 3632, 18484, -280
2025-09-03 16:50:39,557, 256, 13588, -3024
2025-09-03 16:50:39,558, -2024, 8256, -6836
2025-09-03 16:50:39,559, -4616, 3084, -8392
2025-09-03 16:50:39,560, -8392, -2172, -9120
2025-09-03 16:50:40,561, -11036, -5744, -5380
2025-09-03 16:50:40,562, -9304, -7640, -1364
2025-09-03 16:50:40,563, -4636, -14348, 1384
2025-09-03 16:50:40,564, -844, -21076, 4788
2025-09-03 16:50:40,565, -4144, -16092, 5420
2025-09-03 16:50:40,566, -5064, -16296, 6084
2025-09-03 16:50:40,567, -4460, -16132, 9532
2025-09-03 16:50:40,568, -8592, -11716, 9284
2025-09-03 16:50:40,569, -13004, -10908, 8308
2025-09-03 16:50:40,570, -12652, -5816, 10348
2025-09-03 16:50:41,571, -10976, 2656, 12780
2025-09-03 16:50:41,572, -11284, 7472, 10776
2025-09-03 16:50:41,573, -14564, 13164, 5952
2025-09-03 16:50:41,574, -11932, 15168, 68
2025-09-03 16:50:41,575, -6176, 12576, -3760
2025-09-03 16:50:41,576, -4348, 10556, -8288
2025-09-03 16:50:41,577, -6488, 9328, -8232
2025-09-03 16:50:41,578, -9936, 5876, -4716
2025-09-03 16:50:41,579, -12708, 1592, -308
2025-09-03 16:50:42,580, -13056, -1260, 2976
2025-09-03 16:50:42,581, -13628, -1808, 2524
2025-09-03 16:50:42,582, -14492, -3092, 2020
2025-09-03 16:50:42,583, -15636, -2424, 4656
2025-09-03 16:50:42,584, -15796, -1184, 10700
2025-09-03 16:50:42,585, -14688, 6096, 15544
2025-09-03 16:50:42,586, -13640, 9372, 13824
2025-09-03 16:50:42,587, -10688, 9228, 9556
2025-09-03 16:50:42,588, -7676, 11716, 7812
2025-09-03 16:50:42,589, -668, 14396, 9068
2025-09-03 16:50:43,590, 4296, 19552, 9016
2025-09-03 16:50:43,591, 6144, 20788, 8240
2025-09-03 16:50:43,592, 5700, 16988, 7524
2025-09-03 16:50:43,593, 3156, 17744, 5704
2025-09-03 16:50:43,594, 1088, 17916, 7772
2025-09-03 16:50:43,595, -72, 14588, 7888
2025-09-03 16:50:43,596, -4968, 9648, 3904
2025-09-03 16:50:43,597, -7952, 6208, 3224
2025-09-03 16:50:43,598, -9844, 3888, 1928
2025-09-03 16:50:43,599, -11776, 1004, -236
2025-09-03 16:50:44,600, -12020, -2144, 6136
2025-09-03 16:50:44,601, -13952, -4052, 7536
2025-09-03 16:50:44,602, -14488, -3292, 9096
2025-09-03 16:50:44,603, -15364, -1108, 9244
2025-09-03 16:50:44,604, -15088, 5112, 11968
2025-09-03 16:50:44,605, -11680, 9800, 14384
2025-09-03 16:50:44,606, -11084, 13004, 13560
2025-09-03 16:50:44,607, -9224, 20228, 12728
2025-09-03 16:50:44,608, -4504, 22012, 8136
2025-09-03 16:50:44,609, -1496, 14004, 2668
2025-09-03 16:50:45,610, -2096, 6860, 3364
2025-09-03 16:50:45,611, -4988, 4480, 3360
2025-09-03 16:50:45,612, -10244, 5576, 8512
2025-09-03 16:50:45,613, -16416, 5224, 15280
2025-09-03 16:50:45,614, -15044, 13472, 21228
2025-09-03 16:50:45,615, -9104, 24076, 16348
2025-09-03 16:50:45,616, -1720, 21436, 4540
2025-09-03 16:50:45,617, -2408, 5572, -4184
2025-09-03 16:50:45,618, -3980, -1668, 96
2025-09-03 16:50:45,619, -9768, -1380, 4312
2025-09-03 16:50:46,620, -19012, -5028, 13552
2025-09-03 16:50:46,621, -19688, -648, 26592
2025-09-03 16:50:46,622, -13012, 12588, 20164
2025-09-03 16:50:46,623, -8268, 15964, 5600
2025-09-03 16:50:46,624, -5884, 7924, -1696
2025-09-03 16:50:46,625, -5572, 2252, -964
2025-09-03 16:50:46,626, -10076, -1800, 2916
2025-09-03 16:50:46,627, -14184, -7524, 11692
2025-09-03 16:50:46,628, -21572, -4080, 15228
2025-09-03 16:50:46,629, -21768, 3688, 16208
2025-09-03 16:50:47,630, -13684, 15528, 13528
2025-09-03 16:50:47,631, -7264, 11272, 2620
2025-09-03 16:50:47,632, -4908, 6160, -2796
2025-09-03 16:50:47,633, -7052, 4072, -848
2025-09-03 16:50:47,634, -13112, -572, 4956
2025-09-03 16:50:47,635, -16004, -4460, 12352
2025-09-03 16:50:47,636, -18704, -7452, 13084
2025-09-03 16:50:47,637, -20556, 3000, 15192
2025-09-03 16:50:47,638, -14940, 18460, 14192
2025-09-03 16:50:47,639, -8024, 10856, 1276
2025-09-03 16:50:48,640, -5632, 4996, -4996
2025-09-03 16:50:48,641, -6008, 2084, -512
2025-09-03 16:50:48,642, -12280, -4924, 8960
2025-09-03 16:50:48,643, -18240, -8904, 17772
2025-09-03 16:50:48,644, -20544, 2068, 14120
2025-09-03 16:50:48,645, -17792, 18476, 10064
2025-09-03 16:50:48,646, -11836, 11736, 3692
2025-09-03 16:50:48,647, -7256, 9816, -1340
2025-09-03 16:50:48,648, -5308, 6132, -4360
2025-09-03 16:50:48,649, -7332, 1380, -1164
2025-09-03 16:50:49,650, -13192, -5844, 13444
2025-09-03 16:50:49,651, -18296, -928, 14300
2025-09-03 16:50:49,652, -16212, 6772, 10092
2025-09-03 16:50:49,653, -10032, 13612, 11764
2025-09-03 16:50:49,654, -4908, 15540, 10740
2025-09-03 16:50:49,655, -836, 16848, 7772
2025-09-03 16:50:49,656, 2168, 16264, 4836
2025-09-03 16:50:49,657, 5340, 13928, 2576
2025-09-03 16:50:49,658, 6956, 16740, 2024
2025-09-03 16:50:49,659, 8764, 18528, 1100
2025-09-03 16:50:50,660, 8424, 20288, 1352
2025-09-03 16:50:50,661, 6332, 17492, 1432
2025-09-03 16:50:50,662, 736, 10448, 264
2025-09-03 16:50:50,663, -7048, 6436, -2092
2025-09-03 16:50:50,664, -10348, 6088, -3236
2025-09-03 16:50:50,665, -11280, 4228, -2184
2025-09-03 16:50:50,666, -12844, -48, -724
2025-09-03 16:50:50,667, -14380, -3452, 2388
2025-09-03 16:50:50,668, -13452, -4104, 7928
2025-09-03 16:50:50,669, -10412, -4312, 11508
2025-09-03 16:50:51,670, -9592, 824, 19088
2025-09-03 16:50:51,671, -7280, 10156, 19264
2025-09-03 16:50:51,672, -9128, 11740, 12132
2025-09-03 16:50:51,673, -7284, 11828, 8588
2025-09-03 16:50:51,674, -4708, 12140, 10052
2025-09-03 16:50:51,675, 1256, 13736, 9864
2025-09-03 16:50:51,676, 7256, 17580, 9736
2025-09-03 16:50:51,677, 8044, 16764, 8260
2025-09-03 16:50:51,678, 7940, 18832, 8680
2025-09-03 16:50:51,679, 7008, 18148, 7028
2025-09-03 16:50:52,680, 4248, 15492, 2968
2025-09-03 16:50:52,681, -208, 11176, -1416
2025-09-03 16:50:52,682, -5848, 9488, -3152
2025-09-03 16:50:52,683, -8804, 10856, -2816
2025-09-03 16:50:52,684, -9752, 6620, -1268
2025-09-03 16:50:52,685, -11268, 1016, -2784
2025-09-03 16:50:52,686, -13016, -2332, -704
2025-09-03 16:50:52,687, -13968, -4860, 3832
2025-09-03 16:50:52,688, -13580, -6980, 7324
2025-09-03 16:50:53,689, -12776, -5520, 9976
2025-09-03 16:50:53,690, -13152, -6704, 12016
2025-09-03 16:50:53,691, -12644, -1548, 13944
2025-09-03 16:50:53,692, -10856, 5124, 17856
2025-09-03 16:50:53,693, -10552, 5844, 12128
2025-09-03 16:50:53,694, -8152, 7492, 12036
2025-09-03 16:50:53,695, -5240, 13284, 14164
2025-09-03 16:50:53,696, -3004, 16760, 11496
2025-09-03 16:50:53,697, -748, 18104, 9056
2025-09-03 16:50:53,698, 224, 17672, 6544
2025-09-03 16:50:54,699, 820, 17424, 3924
2025-09-03 16:50:54,700, 192, 16260, 756
2025-09-03 16:50:54,701, -296, 16828, -436
2025-09-03 16:50:54,702, -2160, 11132, -256
2025-09-03 16:50:54,703, -7372, 4860, -2008
2025-09-03 16:50:54,704, -10400, 396, -4176
2025-09-03 16:50:54,705, -11148, -3668, -1560
2025-09-03 16:50:54,706, -10880, -6864, 5416
2025-09-03 16:50:54,707, -10924, -7796, 12508
2025-09-03 16:50:54,708, -9788, -6652, 15888
2025-09-03 16:50:55,709, -9556, -5444, 16608
2025-09-03 16:50:55,710, -11732, -1972, 15948
2025-09-03 16:50:55,711, -10188, 3016, 13052
2025-09-03 16:50:55,712, -7056, 5524, 14996
2025-09-03 16:50:55,713, -4900, 10208, 15708
2025-09-03 16:50:55,714, -2208, 14840, 14792
2025-09-03 16:50:55,715, -116, 15792, 12968
2025-09-03 16:50:55,716, 2344, 15888, 10300
2025-09-03 16:50:55,717, 1828, 17096, 8724
2025-09-03 16:50:55,718, 76, 17432, 5880
2025-09-03 16:50:56,719, -1224, 14708, 2132
2025-09-03 16:50:56,720, -4084, 10956, -2528
2025-09-03 16:50:56,721, -8424, 5068, -6964
2025-09-03 16:50:56,722, -9892, 4560, -6656
2025-09-03 16:50:56,723, -10276, 3228, -8
2025-09-03 16:50:56,724, -8848, -7504, 2580
2025-09-03 16:50:56,725, -8352, -12956, 5484
2025-09-03 16:50:56,726, -8352, -12052, 7904
2025-09-03 16:50:56,727, -7576, -11244, 8808
2025-09-03 16:50:56,728, -6656, -13056, 12996
2025-09-03 16:50:57,729, -5760, -12388, 17616
2025-09-03 16:50:57,730, -5184, -9820, 17136
2025-09-03 16:50:57,731, -4676, -10280, 19036
2025-09-03 16:50:57,732, -6304, -10368, 16500
2025-09-03 16:50:57,733, -7404, -7700, 13192
2025-09-03 16:50:57,734, -5196, 9564, 13060
2025-09-03 16:50:57,735, -7760, 18396, 5012
2025-09-03 16:50:57,736, -5072, 17608, 1292
2025-09-03 16:50:57,737, -3372, 20684, 532
2025-09-03 16:50:57,738, -296, 15724, 812
2025-09-03 16:50:58,739, -3004, 9620, -3764
2025-09-03 16:50:58,740, -8044, 6136, -3284
2025-09-03 16:50:58,741, -8256, -1184, -1988
2025-09-03 16:50:58,742, -10100, -6024, 1216
2025-09-03 16:50:58,743, -12524, -5572, 4584
2025-09-03 16:50:58,744, -14940, -4656, 3596
2025-09-03 16:50:58,745, -15160, -2920, 10000
2025-09-03 16:50:58,746, -15452, -2500, 14632
2025-09-03 16:50:58,747, -13608, 336, 13928
2025-09-03 16:50:58,748, -7328, 7276, 15940
2025-09-03 16:50:59,749, -4260, 21056, 20460
2025-09-03 16:50:59,750, -2168, 20116, 17144
2025-09-03 16:50:59,751, -3340, 11600, 3388
2025-09-03 16:50:59,752, -7076, 3964, -5276
2025-09-03 16:50:59,753, -8756, 4912, -2208
2025-09-03 16:50:59,754, -9548, 4752, 4244
2025-09-03 16:50:59,755, -10728, -2880, 17400
2025-09-03 16:50:59,756, -9016, 15828, 24056
2025-09-03 16:50:59,757, -3824, 30924, 19700
2025-09-03 16:50:59,758, -556, 21340, 4780
2025-09-03 16:51:00,759, -1300, 6316, -3868
2025-09-03 16:51:00,760, -3760, -2232, -5952
2025-09-03 16:51:00,761, -5984, -9388, 4256
2025-09-03 16:51:00,762, -10660, -3948, 23060
2025-09-03 16:51:00,763, -10948, 16992, 32112
2025-09-03 16:51:00,764, -6744, 24524, 19396
2025-09-03 16:51:00,765, -3056, 17116, 5080
2025-09-03 16:51:00,766, -3344, 3512, -3448
2025-09-03 16:51:00,767, -6608, 808, -4768
2025-09-03 16:51:00,768, -7788, 288, 6312
2025-09-03 16:51:01,769, -9632, -1860, 15516
2025-09-03 16:51:01,770, -8124, 13688, 24232
2025-09-03 16:51:01,771, -4656, 24564, 19720
2025-09-03 16:51:01,772, -328, 21372, 9328
2025-09-03 16:51:01,773, -596, 20964, 2916
2025-09-03 16:51:01,774, -504, 15312, -336
2025-09-03 16:51:01,775, 0, 6192, -1344
2025-09-03 16:51:01,776, -6420, 116, -808
2025-09-03 16:51:01,777, -9376, -308, 9280
2025-09-03 16:51:01,778, -11328, -724, 17720
2025-09-03 16:51:02,779, -11416, -2476, 19748
2025-09-03 16:51:02,780, -10752, 3732, 16844
2025-09-03 16:51:02,781, -6804, 15648, 18040
2025-09-03 16:51:02,782, -3148, 18856, 13992
2025-09-03 16:51:02,783, 1384, 22872, 10456
2025-09-03 16:51:02,784, 892, 22392, 5588
2025-09-03 16:51:02,785, 2776, 13788, 1028
2025-09-03 16:51:02,786, -2960, 5332, -3708
2025-09-03 16:51:02,787, -8656, -2356, -2576
2025-09-03 16:51:02,788, -8932, -5428, 6224
2025-09-03 16:51:03,789, -10768, -3532, 11560
2025-09-03 16:51:03,790, -10004, -10628, 14496
2025-09-03 16:51:03,791, -7744, -9072, 16240
2025-09-03 16:51:03,792, -8308, -15348, 11484
2025-09-03 16:51:03,793, -10092, -12588, 9888
2025-09-03 16:51:03,794, -8084, -8012, 12240
2025-09-03 16:51:03,795, -8228, -5108, 14660
2025-09-03 16:51:03,796, -10308, -1888, 19316
2025-09-03 16:51:03,797, -7312, 2276, 18428
2025-09-03 16:51:04,798, -10316, 6536, 13092
2025-09-03 16:51:04,799, -8584, 6824, 14728
2025-09-03 16:51:04,800, -8948, 8272, 11888
2025-09-03 16:51:04,801, -9984, 5520, 5884
2025-09-03 16:51:04,802, -10652, 1872, 724
2025-09-03 16:51:04,803, -9748, 464, -800
2025-09-03 16:51:04,804, -13280, -6772, -2740
2025-09-03 16:51:04,805, -13156, -2828, 5824
2025-09-03 16:51:04,806, -12720, -6668, 2276
2025-09-03 16:51:04,807, -12580, -3152, 6192
2025-09-03 16:51:05,808, -11292, -4436, 16608
2025-09-03 16:51:05,809, -10072, 1624, 17692
2025-09-03 16:51:05,810, -8672, 5620, 19556
2025-09-03 16:51:05,811, -9544, 10548, 15352
2025-09-03 16:51:05,812, -7760, 18612, 11608
2025-09-03 16:51:05,813, -8216, 22872, 7332
2025-09-03 16:51:05,814, -6536, 18228, 6336
2025-09-03 16:51:05,815, -5456, 9348, -2184
2025-09-03 16:51:05,816, -7564, 1760, -5116
2025-09-03 16:51:05,817, -10256, 2288, -4924
2025-09-03 16:51:06,818, -11844, -2388, -4360
2025-09-03 16:51:06,819, -12380, -2124, -268
2025-09-03 16:51:06,820, -13616, 4788, 6780
2025-09-03 16:51:06,821, -12408, -1704, 9836
2025-09-03 16:51:06,822, -12436, -3516, 14948
2025-09-03 16:51:06,823, -10968, 2124, 17164
2025-09-03 16:51:06,824, -10172, 6404, 17204
2025-09-03 16:51:06,825, -11828, 12104, 10212
2025-09-03 16:51:06,826, -10496, 17088, 8460
2025-09-03 16:51:06,827, -7852, 18408, 5264
2025-09-03 16:51:07,828, -5844, 23148, 944
2025-09-03 16:51:07,829, -5276, 19200, -1580
2025-09-03 16:51:07,830, -4912, 9856, -3784
2025-09-03 16:51:07,831, -6076, 2492, -4240
2025-09-03 16:51:07,832, -7640, -3040, -2368
2025-09-03 16:51:07,833, -8736, -7284, 1788
2025-09-03 16:51:07,834, -8956, -4800, 6836
2025-09-03 16:51:07,835, -5704, -4932, 12360
2025-09-03 16:51:07,836, -2172, -7160, 18780
2025-09-03 16:51:07,837, -412, -5700, 24572
2025-09-03 16:51:08,838, -708, -1600, 26240
2025-09-03 16:51:08,839, -2556, -736, 24300
2025-09-03 16:51:08,840, -6952, 5816, 14240
2025-09-03 16:51:08,841, -10536, 12580, 6304
2025-09-03 16:51:08,842, -12264, 18292, 2908
2025-09-03 16:51:08,843, -9244, 16196, 4636
2025-09-03 16:51:08,844, -8284, 9228, -580
2025-09-03 16:51:08,845, -8232, 3912, -1584
2025-09-03 16:51:08,846, -10160, -1140, -2632
2025-09-03 16:51:08,847, -11580, -3084, -1444
2025-09-03 16:51:09,848, -12948, -864, -1840
2025-09-03 16:51:09,849, -13536, 3572, 6468
2025-09-03 16:51:09,850, -14344, 2460, 12208
2025-09-03 16:51:09,851, -15224, 2272, 16576
2025-09-03 16:51:09,852, -15032, 5936, 14040
2025-09-03 16:51:09,853, -16276, 10960, 3736
2025-09-03 16:51:09,854, -13088, 13332, 4780
2025-09-03 16:51:09,855, -7804, 22112, -456
2025-09-03 16:51:09,856, -2928, 24108, 336
2025-09-03 16:51:09,857, -3096, 18924, -2856
2025-09-03 16:51:10,858, -2476, 8012, -4828
2025-09-03 16:51:10,859, -5768, 96, -4720
2025-09-03 16:51:10,860, -11072, -1424, -5600
2025-09-03 16:51:10,861, -12996, -1876, -5656
2025-09-03 16:51:10,862, -12672, -2412, -1392
2025-09-03 16:51:10,863, -13272, -1108, 3504
2025-09-03 16:51:10,864, -14664, -1788, 9052
2025-09-03 16:51:10,865, -16480, -1484, 11324
2025-09-03 16:51:10,866, -17556, 176, 10864
2025-09-03 16:51:10,867, -12444, 2224, 9776
2025-09-03 16:51:11,868, -7472, 32764, 1472
2025-09-03 16:51:11,869, -836, 29184, -1036
2025-09-03 16:51:11,870, -1400, 17116, -3844
2025-09-03 16:51:11,871, -2600, 10828, -5532
2025-09-03 16:51:11,872, -4632, 6788, -5312
2025-09-03 16:51:11,873, -6900, 3340, -5696
2025-09-03 16:51:11,874, -10752, 572, -6360
2025-09-03 16:51:11,875, -10780, -836, -3808
2025-09-03 16:51:11,876, -10688, -3776, -1928
2025-09-03 16:51:12,877, -12900, -3156, -1636
2025-09-03 16:51:12,878, -14492, -3868, 10376
2025-09-03 16:51:12,879, -14724, -7484, 26160
2025-09-03 16:51:12,880, -17892, 2684, 12740
2025-09-03 16:51:12,881, -7460, 14152, 8436
2025-09-03 16:51:12,882, -6216, 30892, 2116
2025-09-03 16:51:12,883, -3412, 15176, 1476
2025-09-03 16:51:12,884, -5984, 13048, -4672
2025-09-03 16:51:12,885, -5932, 10856, -5536
2025-09-03 16:51:12,886, -6680, 7680, -6868
2025-09-03 16:51:13,887, -7908, 4128, -6788
2025-09-03 16:51:13,888, -8740, -1280, -6728
2025-09-03 16:51:13,889, -10096, -4988, -5460
2025-09-03 16:51:13,890, -12540, -6092, -1664
2025-09-03 16:51:13,891, -15000, -4780, 1348
2025-09-03 16:51:13,892, -17204, -408, 8704
2025-09-03 16:51:13,893, -17692, -5796, 8080
2025-09-03 16:51:13,894, -15800, -5216, 9132
2025-09-03 16:51:13,895, -18168, -6100, 7964
2025-09-03 16:51:13,896, -20384, 7996, 4080
2025-09-03 16:51:14,897, -15808, 9596, 216
2025-09-03 16:51:14,898, -12264, 5384, -5572
2025-09-03 16:51:14,899, -13144, 5748, -8424
2025-09-03 16:51:14,900, -15616, 3828, -2584
2025-09-03 16:51:14,901, -15908, 4568, -8420
2025-09-03 16:51:14,902, -14120, 4640, -5692
2025-09-03 16:51:14,903, -12596, -300, -1760
2025-09-03 16:51:14,904, -9612, 1924, -804
2025-09-03 16:51:14,905, -11624, -2252, 2868
2025-09-03 16:51:14,906, -13200, -7536, -2444
2025-09-03 16:51:15,907, -14068, -3268, 1836
2025-09-03 16:51:15,908, -13112, -3516, 8220
2025-09-03 16:51:15,909, -15836, -9740, 1900
2025-09-03 16:51:15,910, -22940, -15456, 644
2025-09-03 16:51:15,911, -24488, -2952, 4732
2025-09-03 16:51:15,912, -17188, 11920, 616
2025-09-03 16:51:15,913, -12756, 13596, -3040
2025-09-03 16:51:15,914, -10828, 12680, -2052
2025-09-03 16:51:15,915, -10576, 5872, -904
2025-09-03 16:51:15,916, -8284, 4412, 144
2025-09-03 16:51:16,917, -4336, 840, 1168
2025-09-03 16:51:16,918, 2872, -10628, -6108
2025-09-03 16:51:16,919, 1148, -20840, -4196
2025-09-03 16:51:16,920, -4520, -28124, 7560
2025-09-03 16:51:16,921, -12036, -22304, 3748
2025-09-03 16:51:16,922, -16172, -13988, 4684
2025-09-03 16:51:16,923, -17628, -7400, 1744
2025-09-03 16:51:16,924, -18292, 1824, 3764
2025-09-03 16:51:16,925, -15664, 11984, 3896
2025-09-03 16:51:16,926, -12832, 13324, -1272
2025-09-03 16:51:17,927, -9424, 7092, -3708
2025-09-03 16:51:17,928, -7260, 3156, -2780
2025-09-03 16:51:17,929, -420, -5212, 2820
2025-09-03 16:51:17,930, 2624, -15696, 3488
2025-09-03 16:51:17,931, -288, -19348, 3920
2025-09-03 16:51:17,932, -3548, -23220, 3892
2025-09-03 16:51:17,933, -6580, -22664, 4048
2025-09-03 16:51:17,934, -11576, -15900, 7036
2025-09-03 16:51:17,935, -17240, -6540, 8992
2025-09-03 16:51:17,936, -19104, -232, 7280
2025-09-03 16:51:18,937, -17976, 6232, -176
2025-09-03 16:51:18,938, -15084, 4592, -2088
2025-09-03 16:51:18,939, -11008, 4636, -1252
2025-09-03 16:51:18,940, -6052, 9416, 1472
2025-09-03 16:51:18,941, -992, -12492, 3944
2025-09-03 16:51:18,942, -5160, -15708, -112
2025-09-03 16:51:18,943, -5972, -14652, -1700
2025-09-03 16:51:18,944, -5184, -17072, -5448
2025-09-03 16:51:18,945, -7904, -18392, -4952
2025-09-03 16:51:18,946, -10964, -15540, -1632
2025-09-03 16:51:19,947, -12512, -11404, 240
2025-09-03 16:51:19,948, -13744, -10860, -880
2025-09-03 16:51:19,949, -15872, -9796, -428
2025-09-03 16:51:19,950, -21120, -2444, 4740
2025-09-03 16:51:19,951, -19044, 14360, 6464
2025-09-03 16:51:19,952, -13964, 9720, 1328
2025-09-03 16:51:19,953, -11960, 320, 2712
2025-09-03 16:51:19,954, -10244, 376, 236
2025-09-03 16:51:19,955, -9896, -3532, 1636
2025-09-03 16:51:20,956, -10088, -5676, -452
2025-09-03 16:51:20,957, -9728, -6412, -1632
2025-09-03 16:51:20,958, -5924, -5236, -912
2025-09-03 16:51:20,959, -3976, -17604, -5256
2025-09-03 16:51:20,960, -4860, -22444, -4808
2025-09-03 16:51:20,961, -11240, -21288, 5712
2025-09-03 16:51:20,962, -17684, -13964, 10748
2025-09-03 16:51:20,963, -19452, -932, 7824
2025-09-03 16:51:20,964, -15916, 7852, 984
2025-09-03 16:51:20,965, -12244, 12356, 5028
2025-09-03 16:51:21,966, -10908, 10488, 8956
2025-09-03 16:51:21,967, -9464, 9836, 8220
2025-09-03 16:51:21,968, -7604, 5312, 8124
2025-09-03 16:51:21,969, -3312, 568, 4656
2025-09-03 16:51:21,970, -3188, -8816, -288
2025-09-03 16:51:21,971, -5512, -19632, -3580
2025-09-03 16:51:21,972, -7852, -22168, -324
2025-09-03 16:51:21,973, -11292, -13536, 16032
2025-09-03 16:51:21,974, -16392, -2116, 22972
2025-09-03 16:51:21,975, -16396, 4148, 13120
2025-09-03 16:51:22,976, -15432, 5308, 5228
2025-09-03 16:51:22,977, -15292, 3512, 4464
2025-09-03 16:51:22,978, -15340, 4668, 2160
2025-09-03 16:51:22,979, -18040, 224, 1580
2025-09-03 16:51:22,980, -12296, 6580, -3188
2025-09-03 16:51:22,981, -16272, 5748, -3792
2025-09-03 16:51:22,982, -13120, 3340, -160
2025-09-03 16:51:22,983, -11624, 296, 2436
2025-09-03 16:51:22,984, -8424, -1004, -1136
2025-09-03 16:51:22,985, -9064, 1844, -3320
2025-09-03 16:51:23,986, -12940, 2984, -7116
2025-09-03 16:51:23,987, -19048, -408, -10940
2025-09-03 16:51:23,988, -19868, -4876, -5448
2025-09-03 16:51:23,989, -21388, 1364, 5500
2025-09-03 16:51:23,990, -17128, 3772, 15348
2025-09-03 16:51:23,991, -16704, 8704, 11036
2025-09-03 16:51:23,992, -14036, 10828, 14100
2025-09-03 16:51:23,993, -9488, 14380, 11084
2025-09-03 16:51:23,994, -8076, 10980, 6404
2025-09-03 16:51:23,995, -8444, 3440, 4892
2025-09-03 16:51:24,996, -7560, 968, 3964
2025-09-03 16:51:24,997, -8924, -3976, 2360
2025-09-03 16:51:24,998, -12060, -9228, -2496
2025-09-03 16:51:24,999, -21660, -4024, -7524
2025-09-03 16:51:24,1000, -15120, -1728, -3976
2025-09-03 16:51:24,1001, -15380, -4244, -4976
2025-09-03 16:51:24,1002, -12904, -384, 1856
2025-09-03 16:51:24,1003, -14056, -356, 12364
2025-09-03 16:51:24,1004, -18724, -5000, 16620
2025-09-03 16:51:24,1005, -17032, 10260, 19256
2025-09-03 16:51:25,1006, -9700, 18336, 19660
2025-09-03 16:51:25,1007, -3980, 15292, 10804
2025-09-03 16:51:25,1008, -52, 13208, 1832
2025-09-03 16:51:25,1009, -132, 9080, -908
2025-09-03 16:51:25,1010, -2560, 5288, -2896
2025-09-03 16:51:25,1011, -7488, -1260, -3840
2025-09-03 16:51:25,1012, -12928, -484, 1372
2025-09-03 16:51:25,1013, -17524, -916, 10340
2025-09-03 16:51:25,1014, -21156, -3244, 9540
2025-09-03 16:51:25,1015, -18632, -2240, 13176
2025-09-03 16:51:26,1016, -14968, 4788, 18400
2025-09-03 16:51:26,1017, -9380, 17388, 17348
2025-09-03 16:51:26,1018, -4004, 24048, 14704
2025-09-03 16:51:26,1019, 392, 18028, 11020
2025-09-03 16:51:26,1020, 1648, 14644, 4264
2025-09-03 16:51:26,1021, -408, 9128, -1832
2025-09-03 16:51:26,1022, -2848, 6080, -2912
2025-09-03 16:51:26,1023, -6996, 1704, -3952
2025-09-03 16:51:26,1024, -9712, -3988, 292
2025-09-03 16:51:26,1025, -13460, -5496, 3312
2025-09-03 16:51:27,1026, -15224, -6956, 5776
2025-09-03 16:51:27,1027, -17536, -11732, 7520
2025-09-03 16:51:27,1028, -14668, -12356, 11492
2025-09-03 16:51:27,1029, -16464, -7560, 13232
2025-09-03 16:51:27,1030, -19192, -3056, 14856
2025-09-03 16:51:27,1031, -15692, 6092, 15416
2025-09-03 16:51:27,1032, -11960, 14172, 12968
2025-09-03 16:51:27,1033, -9760, 15188, 7840
2025-09-03 16:51:27,1034, -7152, 10052, 3796
2025-09-03 16:51:27,1035, -4680, 6436, 2284
2025-09-03 16:51:28,1036, -4356, 5352, 64
2025-09-03 16:51:28,1037, -8652, -280, -1640
2025-09-03 16:51:28,1038, -12768, -2240, 3784
2025-09-03 16:51:28,1039, -16476, -1824, 6140
2025-09-03 16:51:28,1040, -21408, -1772, 6532
2025-09-03 16:51:28,1041, -24320, -3324, 7588
2025-09-03 16:51:28,1042, -18856, -3580, 9576
2025-09-03 16:51:28,1043, -14548, 7260, 12240
2025-09-03 16:51:28,1044, -13824, 16340, 9960
2025-09-03 16:51:29,1045, -7340, 12420, 14320
2025-09-03 16:51:29,1046, 2032, 14080, 16856
2025-09-03 16:51:29,1047, 2852, 16940, 14324
2025-09-03 16:51:29,1048, 3492, 8868, 7776
2025-09-03 16:51:29,1049, -332, 2076, -800
2025-09-03 16:51:29,1050, -8276, -5812, -6228
2025-09-03 16:51:29,1051, -12820, -6896, -5188
2025-09-03 16:51:29,1052, -16288, -1068, -196
2025-09-03 16:51:29,1053, -20180, -1528, 6316
2025-09-03 16:51:29,1054, -20864, 2288, 13104
2025-09-03 16:51:30,1055, -17028, 11416, 16312
2025-09-03 16:51:30,1056, -12160, 15704, 14660
2025-09-03 16:51:30,1057, -11228, 15256, 11572
2025-09-03 16:51:30,1058, -11412, 12040, 9088
2025-09-03 16:51:30,1059, -7904, 10212, 9212
2025-09-03 16:51:30,1060, -5212, 15916, 9272
2025-09-03 16:51:30,1061, -2616, 11220, 4620
2025-09-03 16:51:30,1062, -1956, 7568, -1328
2025-09-03 16:51:30,1063, -4916, -1588, -2240
2025-09-03 16:51:30,1064, -10152, -5392, 6780
2025-09-03 16:51:31,1065, -14064, -4660, 12532
2025-09-03 16:51:31,1066, -20400, 1892, 10024
2025-09-03 16:51:31,1067, -22112, 1516, 8664
2025-09-03 16:51:31,1068, -21664, 1032, 7292
2025-09-03 16:51:31,1069, -17544, 6172, 9480
2025-09-03 16:51:31,1070, -14584, 14884, 10632
2025-09-03 16:51:31,1071, -9140, 15808, 12052
2025-09-03 16:51:31,1072, -4296, 17976, 10532
2025-09-03 16:51:31,1073, -508, 16700, 5712
2025-09-03 16:51:31,1074, -220, 13812, 1220
2025-09-03 16:51:32,1075, -656, 9092, 732
2025-09-03 16:51:32,1076, -4048, 4760, -556
2025-09-03 16:51:32,1077, -9820, -2372, 3228
2025-09-03 16:51:32,1078, -12808, -2916, 9300
2025-09-03 16:51:32,1079, -17724, 3044, 6596
2025-09-03 16:51:32,1080, -19244, 4888, 6636
2025-09-03 16:51:32,1081, -17152, 7984, 11668
2025-09-03 16:51:32,1082, -10244, 23384, 18728
2025-09-03 16:51:32,1083, -3532, 18652, 14720
2025-09-03 16:51:32,1084, -1052, 22232, 8756
2025-09-03 16:51:33,1085, -416, 20808, 9072
2025-09-03 16:51:33,1086, 508, 15532, 6832
2025-09-03 16:51:33,1087, 64, 12248, 2984
2025-09-03 16:51:33,1088, -1448, 7772, 1796
2025-09-03 16:51:33,1089, -5036, 3760, -228
2025-09-03 16:51:33,1090, -10120, -2356, -2104
2025-09-03 16:51:33,1091, -13276, -3408, 2628
2025-09-03 16:51:33,1092, -15196, -1684, 7732
2025-09-03 16:51:33,1093, -18100, -1568, 7224
2025-09-03 16:51:33,1094, -18836, -2648, 8172
2025-09-03 16:51:34,1095, -18432, -1144, 9528
2025-09-03 16:51:34,1096, -17104, 3180, 11984
2025-09-03 16:51:34,1097, -14192, 6980, 12332
2025-09-03 16:51:34,1098, -9356, 12068, 13148
2025-09-03 16:51:34,1099, -7972, 19356, 10708
2025-09-03 16:51:34,1100, -6424, 19688, 8896
2025-09-03 16:51:34,1101, -5184, 15988, 6224
2025-09-03 16:51:34,1102, -4908, 10100, 4284
2025-09-03 16:51:34,1103, -6588, 7680, 4184
2025-09-03 16:51:34,1104, -8432, 3220, 1452
2025-09-03 16:51:35,1105, -10656, 732, -184
2025-09-03 16:51:35,1106, -11112, -3128, 2800
2025-09-03 16:51:35,1107, -14344, -4720, 4880
2025-09-03 16:51:35,1108, -15852, -5424, 10744
2025-09-03 16:51:35,1109, -17336, -3268, 16148
2025-09-03 16:51:35,1110, -16836, 1240, 13176
2025-09-03 16:51:35,1111, -15840, 4436, 9264
2025-09-03 16:51:35,1112, -14592, 11596, 9480
2025-09-03 16:51:35,1113, -12868, 15644, 9908
2025-09-03 16:51:35,1114, -10808, 7896, 6504
2025-09-03 16:51:36,1115, -9288, 2528, 2584
2025-09-03 16:51:36,1116, -8116, 3852, -584
2025-09-03 16:51:36,1117, -6208, 6524, 1352
2025-09-03 16:51:36,1118, -5704, 12812, 8280
2025-09-03 16:51:36,1119, -7024, 13116, 17460
2025-09-03 16:51:36,1120, -12928, 16052, 18012
2025-09-03 16:51:36,1121, -16412, 10288, 16352
2025-09-03 16:51:36,1122, -18052, 4488, 14496
2025-09-03 16:51:36,1123, -14400, -5504, 14272
2025-09-03 16:51:37,1124, -9708, -12368, 10324
2025-09-03 16:51:37,1125, -7416, -12108, 4540
2025-09-03 16:51:37,1126, -9256, -3916, 748
2025-09-03 16:51:37,1127, -11368, 2836, -1592
2025-09-03 16:51:37,1128, -10724, 6836, -3704
2025-09-03 16:51:37,1129, -9704, 1252, -2568
2025-09-03 16:51:37,1130, -9604, -244, -1216
2025-09-03 16:51:37,1131, -11840, -3056, 2264
2025-09-03 16:51:37,1132, -16100, -4124, 4964
2025-09-03 16:51:37,1133, -20868, -5964, 5632
2025-09-03 16:51:38,1134, -23692, 1804, 11368
2025-09-03 16:51:38,1135, -15036, 23492, 17108
2025-09-03 16:51:38,1136, -7468, 27416, 9492
2025-09-03 16:51:38,1137, -5504, 18612, -60
2025-09-03 16:51:38,1138, -5420, 14424, 2796
2025-09-03 16:51:38,1139, -3536, 10544, 6920
2025-09-03 16:51:38,1140, -5828, 7576, 3464
2025-09-03 16:51:38,1141, -7856, 4192, 2876
2025-09-03 16:51:38,1142, -10492, -104, 1132
2025-09-03 16:51:38,1143, -12252, -3080, 400
2025-09-03 16:51:39,1144, -14504, -3148, 52
2025-09-03 16:51:39,1145, -16340, -4796, -272
2025-09-03 16:51:39,1146, -17544, -7204, 1092
2025-09-03 16:51:39,1147, -20892, -7768, 3200
2025-09-03 16:51:39,1148, -26444, -4500, 8488
2025-09-03 16:51:39,1149, -20784, 14104, 18436
2025-09-03 16:51:39,1150, -7368, 25588, 17372
2025-09-03 16:51:39,1151, -3768, 15164, 3816
2025-09-03 16:51:39,1152, -5960, 9636, -4032
2025-09-03 16:51:39,1153, -5984, 7848, -1836
2025-09-03 16:51:40,1154, -6680, 8556, 0
2025-09-03 16:51:40,1155, -8888, 6044, -1352
2025-09-03 16:51:40,1156, -10460, -784, -660
2025-09-03 16:51:40,1157, -12064, -5368, 444
2025-09-03 16:51:40,1158, -15820, -676, -1296
2025-09-03 16:51:40,1159, -17116, -1596, -180
2025-09-03 16:51:40,1160, -18368, -2020, -1260
2025-09-03 16:51:40,1161, -18504, -1392, -2540
2025-09-03 16:51:40,1162, -18964, -1876, 380
2025-09-03 16:51:40,1163, -21872, 2716, 5964
2025-09-03 16:51:41,1164, -20172, 13684, 12316
2025-09-03 16:51:41,1165, -14036, 19416, 11876
2025-09-03 16:51:41,1166, -7832, 18520, 7260
2025-09-03 16:51:41,1167, -4700, 13752, -112
2025-09-03 16:51:41,1168, -3116, 9044, -2072
2025-09-03 16:51:41,1169, -1764, 5664, 44
2025-09-03 16:51:41,1170, -6032, -1808, -496
2025-09-03 16:51:41,1171, -12284, -2980, 3408
2025-09-03 16:51:41,1172, -16880, -2928, 6208
2025-09-03 16:51:41,1173, -21808, -3068, 2524
2025-09-03 16:51:42,1174, -21388, -1192, 3700
2025-09-03 16:51:42,1175, -21280, 2116, 2248
2025-09-03 16:51:42,1176, -20084, 352, 5612
2025-09-03 16:51:42,1177, -20236, 7596, 12636
2025-09-03 16:51:42,1178, -14900, 18888, 15888
2025-09-03 16:51:42,1179, -10652, 18928, 9460
2025-09-03 16:51:42,1180, -7336, 11368, 2552
2025-09-03 16:51:42,1181, -6056, 5340, -528
2025-09-03 16:51:42,1182, -4616, 3244, -1476
2025-09-03 16:51:42,1183, -5252, -1532, 1876
2025-09-03 16:51:43,1184, -8932, -748, 2540
2025-09-03 16:51:43,1185, -15208, -1176, -2504
2025-09-03 16:51:43,1186, -22056, -5396, 2880
2025-09-03 16:51:43,1187, -25332, -2956, 11332
2025-09-03 16:51:43,1188, -22940, 10664, 13056
2025-09-03 16:51:43,1189, -17576, 14060, 9108
2025-09-03 16:51:43,1190, -15984, 14780, 7640
2025-09-03 16:51:43,1191, -10096, 16552, 9456
2025-09-03 16:51:43,1192, -7848, 12088, 5520
2025-09-03 16:51:43,1193, -6188, 11040, 968
2025-09-03 16:51:44,1194, -5664, 5332, -3644
2025-09-03 16:51:44,1195, -4708, 1472, -3360
2025-09-03 16:51:44,1196, -8648, -940, -112
2025-09-03 16:51:44,1197, -13360, -4148, 4656
2025-09-03 16:51:44,1198, -19436, -5372, 3340
2025-09-03 16:51:44,1199, -21736, -5928, 1120
2025-09-03 16:51:44,1200, -20056, -8016, 2904
2025-09-03 16:51:44,1201, -19668, -3028, 6960
2025-09-03 16:51:44,1202, -20672, 5860, 12960
2025-09-03 16:51:44,1203, -13984, 20084, 17048
2025-09-03 16:51:45,1204, -7008, 23916, 10684
2025-09-03 16:51:45,1205, -4232, 14924, 2068
2025-09-03 16:51:45,1206, -2548, 11672, -2472
2025-09-03 16:51:45,1207, -2668, 8568, -3416
2025-09-03 16:51:45,1208, -3392, 2920, -936
2025-09-03 16:51:45,1209, -8620, -1560, -980
2025-09-03 16:51:45,1210, -12792, -3300, 964
2025-09-03 16:51:45,1211, -17592, -3972, 2292
2025-09-03 16:51:45,1212, -21512, -3620, 3560
2025-09-03 16:51:46,1213, -20996, -2956, 3920
2025-09-03 16:51:46,1214, -21984, 1660, 1344
2025-09-03 16:51:46,1215, -22332, 3396, 5232
2025-09-03 16:51:46,1216, -17560, 12664, 10712
2025-09-03 16:51:46,1217, -11236, 21964, 7676
2025-09-03 16:51:46,1218, -3692, 21348, 5000
2025-09-03 16:51:46,1219, -1252, 14900, -728
2025-09-03 16:51:46,1220, -2548, 9796, -4484
2025-09-03 16:51:46,1221, -3556, 4688, -3396
2025-09-03 16:51:46,1222, -6296, -292, -2868
2025-09-03 16:51:47,1223, -9796, -3368, -1556
2025-09-03 16:51:47,1224, -14704, -2160, -392
2025-09-03 16:51:47,1225, -17668, -2872, 4440
2025-09-03 16:51:47,1226, -20496, 1104, 5628
2025-09-03 16:51:47,1227, -22428, 848, 4668
2025-09-03 16:51:47,1228, -18180, 2816, 8056
2025-09-03 16:51:47,1229, -15616, 8324, 5268
2025-09-03 16:51:47,1230, -15636, 20244, 6160
2025-09-03 16:51:47,1231, -7128, 19516, 9492
2025-09-03 16:51:47,1232, -4188, 24544, 2424
2025-09-03 16:51:48,1233, -372, 18292, 608
2025-09-03 16:51:48,1234, 1600, 12608, -316
2025-09-03 16:51:48,1235, 496, 6236, -460
2025-09-03 16:51:48,1236, -2792, 876, -1368
2025-09-03 16:51:48,1237, -9344, -2700, -4656
2025-09-03 16:51:48,1238, -15240, -7064, -124
2025-09-03 16:51:48,1239, -20776, -4796, 7560
2025-09-03 16:51:48,1240, -21976, -5924, 8936
2025-09-03 16:51:48,1241, -19492, -5984, 5508
2025-09-03 16:51:48,1242, -17808, -280, 2772
2025-09-03 16:51:49,1243, -18052, 8300, 3360
2025-09-03 16:51:49,1244, -12820, 18652, 7636
2025-09-03 16:51:49,1245, -6696, 19228, 6596
2025-09-03 16:51:49,1246, -1880, 20288, -540
2025-09-03 16:51:49,1247, -364, 19340, -3516
2025-09-03 16:51:49,1248, 2224, 14212, 644
2025-09-03 16:51:49,1249, 1212, 6348, 1236
2025-09-03 16:51:49,1250, -3844, -3536, -2252
2025-09-03 16:51:49,1251, -12392, -7080, -4604
2025-09-03 16:51:49,1252, -18660, -3600, -1368
2025-09-03 16:51:50,1253, -20924, -6756, 3000
2025-09-03 16:51:50,1254, -20364, -8824, 100
2025-09-03 16:51:50,1255, -18592, -4136, 2248
2025-09-03 16:51:50,1256, -16644, -124, 9392
2025-09-03 16:51:50,1257, -15088, 6336, 11184
2025-09-03 16:51:50,1258, -13448, 19028, 8508
2025-09-03 16:51:50,1259, -7468, 23528, 7556
2025-09-03 16:51:50,1260, -3824, 21252, 2120
2025-09-03 16:51:50,1261, -660, 15512, -44
2025-09-03 16:51:50,1262, -324, 11068, 996
2025-09-03 16:51:51,1263, -2452, 2896, 1224
2025-09-03 16:51:51,1264, -8244, -1272, 628
2025-09-03 16:51:51,1265, -12648, -2512, 2080
2025-09-03 16:51:51,1266, -17208, -3484, 5464
2025-09-03 16:51:51,1267, -19648, -3004, 9100
2025-09-03 16:51:51,1268, -21564, -332, 6348
2025-09-03 16:51:51,1269, -22012, 204, 3780
2025-09-03 16:51:51,1270, -20568, 3816, 5096
2025-09-03 16:51:51,1271, -16608, 9892, 5176
2025-09-03 16:51:51,1272, -14292, 7860, 2324
2025-09-03 16:51:52,1273, -15644, 8888, 5936
2025-09-03 16:51:52,1274, -16720, 13348, 10100
2025-09-03 16:51:52,1275, -14336, 11868, 6448
2025-09-03 16:51:52,1276, -6248, 13160, 144
2025-09-03 16:51:52,1277, -2552, 5504, 1552
2025-09-03 16:51:52,1278, -4716, -2368, -400
2025-09-03 16:51:52,1279, -8816, -7940, -820
2025-09-03 16:51:52,1280, -14244, -9224, 2000
2025-09-03 16:51:52,1281, -21168, -9908, 4384
2025-09-03 16:51:52,1282, -26344, -10796, 1992
2025-09-03 16:51:53,1283, -23788, -3908, 1068
2025-09-03 16:51:53,1284, -18456, 6568, 8872
2025-09-03 16:51:53,1285, -6040, 22888, 17256
2025-09-03 16:51:53,1286, -3596, 18764, 8864
2025-09-03 16:51:53,1287, -3496, 12860, 6896
2025-09-03 16:51:53,1288, 256, 7380, 8704
2025-09-03 16:51:53,1289, -1296, -6780, 6276
2025-09-03 16:51:53,1290, -9016, -12828, -740
